bid_1,ask_1,bid_vol_1,ask_vol_1
30374.540118847362,30379.262650903056,4.852569025925625,3.2906231659202034
30950.714306409915,30952.02985520766,0.5601135073681501,3.142549980644313
30731.993941811405,30732.793175014554,3.395750379303119,1.8266372383873068
30598.658484197036,30602.49352711884,2.2743760745923987,4.223093010115323
30156.018640442435,30159.103769451744,4.353897046449776,2.4093071202510066
30155.994520336204,30160.282749831615,0.968033968292191,4.897614196274257
30058.0836121682,30059.212587863018,3.4938671659082066,3.207296477649111
30866.176145774934,30870.254848678305,4.20676491927574,0.7186972336660634
30601.115011743208,30602.522334683425,4.728609675422714,3.413270054169627
30708.072577796047,30709.30902953894,3.4479153386192647,1.6930096756153252
30020.584494295803,30021.823690386493,2.536156343641294,3.4630032637618777
30969.909852161993,30974.075438403033,3.1274514769859483,0.4412416259957882
30832.442640800422,30835.936028293556,4.357634423945719,0.956919042162201
30212.339110678276,30215.192905089738,2.8959877585302656,4.293112568638353
30181.8249672071,30183.939704385655,0.24889659251450064,1.2131798294152232
30183.404509853433,30187.851912287093,4.6616486079841915,4.201501513690406
30304.24224295954,30306.50824594294,3.47868108005465,1.4684528334266114
30524.75643163224,30528.93112910986,3.4149155903085084,3.2501213592876677
30431.945018642116,30434.42112573068,1.1568082467488143,3.5013378101981725
30291.22914019804,30293.42539013045,3.328538804140021,2.6120082904107598
30611.85289472238,30614.434953757893,2.029935587705377,1.5960223158139835
30139.49386065204,30141.35006108578,3.2910415875033117,1.141957444218371
30292.144648535217,30296.00889074601,0.6223058485091546,0.26262783735588846
30366.361843293693,30369.12408504911,3.323441992554877,1.589337366079547
30456.069984217036,30457.614941345197,4.997127256276266,3.300497673603287
30785.175961393015,30789.72404697275,0.33623899041672456,4.6976936103975655
30199.67378215836,30201.90129265454,4.888153502684455,4.3689019630889545
30514.234438413612,30517.180426288625,2.093849007542066,3.853717405022983
30592.41456886204,30596.993693361383,4.366691906652569,3.963391981941164
30046.450412719998,30049.75948370161,3.9336888718855403,3.358426027032377
30607.54485190144,30608.570893084627,2.8783796788346727,1.375405602073415
30170.52412368729,30175.25336824355,3.7184011253315004,4.545255650458566
30065.05159298528,30068.376279224103,4.404726250376605,3.386588328338587
30948.885537253333,30950.89261251929,2.0802875760900617,2.846159091804156
30965.63203307456,30966.758757401545,1.7024624916598698,0.6438483991460573
30808.39734811646,30812.470461468176,3.3712075892615654,2.290572164651485
30304.61376917337,30307.90409657505,4.058445115512167,2.355755528889439
30097.672114006386,30100.572688920278,3.8351971604054174,4.336361686661083
30684.233026512156,30688.755543135885,4.009286879407309,2.7785762789201636
30440.152493739603,30444.201181190114,2.234358242583372,1.9639626899550076
30122.03823484478,30123.220771803575,4.107387659257606,4.886321609702231
30495.17691011127,30497.07965941635,0.6890243713159814,0.6425309072989468
30034.38852111522,30036.006722244383,2.767996580008163,2.1704872987285286
30909.32040207878,30913.16816039536,0.1282174364407957,0.30592090833988594
30258.779981600015,30259.430877556326,1.6904705665113247,3.725530191757959
30662.52228435398,30665.586787935903,1.8956615208698497,4.598575105775838
30311.71107608941,30315.642140175245,2.0412461888853515,1.4721829147973984
30520.06802117781,30524.513466543238,3.507789312780325,4.305874216315693
30546.71027934328,30548.7496472125,2.003934696224694,1.5318693292632992
30184.85445552553,30189.05011339655,2.2985987508504007,4.562773792055185
30969.584627764558,30970.582470580855,1.2639662412842048,3.7944133276242415
30775.132823361113,30779.44185867392,1.9289337789837666,4.04404320652305
30939.49894156419,30940.572640544684,1.2136211735894424,0.18823212244222706
30894.827350427648,30897.11514323517,0.45866002646537385,4.817770749662727
30597.899978811085,30601.98780795709,3.056898107568752,3.6606878611445843
30921.87423502312,30923.048863446187,3.37424271291958,1.5932803673920535
30088.49250205192,30090.024133330466,3.1355026954471112,4.16403385780835
30195.982862419147,30199.732998976917,2.3711208146228047,1.479453872233157
30045.227288910537,30048.967453324993,1.9609503228782263,4.376493813874027
30325.330330763263,30328.715495111246,4.330334882901943,0.6516439130184913
30388.677289689484,30392.300057689587,2.6435007471674687,3.5480612895578996
30271.349031773894,30274.291291768957,2.447991200385682,2.7494225355600608
30828.737509151928,30830.37060491701,0.2256461224515349,0.57301890395766
30356.75332669359,30358.80895866436,1.7721143553681664,1.285279758468311
30280.93450968738,30282.251699412987,1.9629585320507,0.16077977775884247
30542.696083158247,30547.28411068425,2.0542316263948126,2.396963030776079
30140.924224974762,30144.04948805121,2.9428446092139287,1.576199777724002
30802.19698075404,30804.500812129478,2.7146524789617046,3.0319516730590186
30074.55064367977,30077.12966979617,3.078734954687879,1.5564652577722244
30986.886936600516,30991.64971162877,3.847927981556429,1.5696036463842251
30772.244769296656,30773.43485061068,4.083630119708858,3.741646673784857
30198.715681534173,30201.85371577825,3.618803073509823,0.3358998962939319
30005.5221171236,30008.29861617858,4.78206611017918,4.524185476440738
30815.461428454833,30818.712972514288,0.189339655114172,4.276092984516789
30706.857343847616,30707.43883967481,1.059312129849376,3.3722429478093923
30729.007168040986,30733.431725631235,0.1370580873928964,3.0067856935261834
30771.270346685946,30775.964878957122,3.272626099357555,4.4722822408842955
30074.04465173409,30077.08775106024,4.500349689854936,1.0081178796907009
30358.465728544274,30362.100657251718,1.2930632532238666,0.4869488947350602
30115.86905952513,30120.520306740425,4.642469269501903,1.2735998325567368
30863.103425875594,30866.785999730004,0.39531021241884823,3.9934335656309328
30623.298126827558,30624.484552520673,4.67873653134702,0.2698843069597683
30330.89802485265,30333.9913224734,1.822951167474209,2.9557534919090993
30063.558350286025,30066.788567994747,0.596962059401161,4.977643829337419
30310.982321715663,30313.390909736525,2.480771620012996,4.292910859803943
30325.183322026747,30328.99732108706,1.358205181830489,2.6550838763135887
30729.606178338065,30734.310829904523,1.495877219613422,0.4118404555045475
30637.557471355212,30642.222529663293,1.6057208281388045,4.173730220489978
30887.212742576325,30889.741519747644,4.034826899380051,3.034994690068332
30472.21492516195,30473.22449636823,2.7418902557087472,0.6631716855918774
30119.5942459383,30124.52603133363,1.6254077258644182,0.5599006956344454
30713.244787222997,30717.519828612003,3.0906355382235002,4.557171415239303
30760.785048616897,30761.84603068231,3.6091383036936486,3.3790812883965846
30561.277197569496,30565.920986041274,1.4358576035943156,4.163505316652102
30770.96717995456,30775.38171358384,2.1263905974742228,4.40699661138311
30493.79559636439,30496.63036762146,0.697241857351043,2.9016845250367793
30522.732829381996,30525.893568842846,0.9876318127199336,2.6354871235997024
30427.541018358548,30429.836530525965,3.437477484428416,2.209094310572852
30025.419126744095,30026.165554118794,0.9890479037085721,1.6530382801764847
30107.891426993305,30109.899814580713,2.673300579968595,2.229520208207688
30031.429185686735,30035.542026205425,3.5743266824399207,3.892010313077767
30636.41041126378,30636.9312553673,0.6236969231642449,3.049424811974145
30314.355981076325,30316.356727348935,2.8798298761816277,4.473364120778746
30508.570691164703,30510.862450285862,1.3571576401366827,2.27256207045802
30907.566473926094,30910.484754139314,4.818341688664141,3.074738935721895
30249.292229148876,30253.931579422733,2.4693736689276315,3.1934070101507452
30410.38292303563,30412.44148001028,4.049363493898275,2.9993160953009954
30755.551138543047,30757.61242795158,2.796110056565683,3.5429054881190303
30228.798165491622,30232.616921108114,0.31272141098861395,1.263423995036551
30076.97990982879,30079.514890562794,3.20244174041071,2.6105825099743747
30289.75145291377,30291.262174617,4.761876376812619,0.6107015337609036
30161.221287254004,30163.7572650766,3.047897918717023,1.9841055054595818
30929.697652342573,30930.831508934283,4.114025411191272,2.4895686362441958
30808.120379564418,30809.414121003694,4.432611670407198,3.2958988717728155
30633.403756510423,30636.14641148775,1.2175908825497692,4.757602157672397
30871.46059018772,30873.845754710488,1.1390197155503108,3.043190226086944
30803.672076899114,30808.288883453923,3.0938068453698597,3.7436101892651434
30186.570058886035,30188.70083143206,2.1140395020528535,2.5807036915264936
30892.558998489978,30895.67164606623,4.2153203840469295,3.2071097537440236
30539.342241915652,30542.68743121129,4.510113304650255,0.4475678590554898
30807.440155164062,30807.99908021871,1.831764758583319,1.3465187461250505
30896.091299923493,30899.57721809757,1.2606657389749623,1.8730801567051798
30318.003474971865,30319.30463682278,3.9245750246949234,2.415217439531917
30110.051924527677,30114.87674095629,1.4465495741858672,0.3236788529616803
30227.93516254194,30229.10414481683,4.130810160717024,0.7861180780112567
30427.107788626257,30429.47359718303,2.176317442878938,1.4563901081773984
30818.014765922493,30818.898839428846,3.3709945065282056,4.860510185415148
30860.730583256343,30865.71651738965,0.5681230377898742,1.723600334804949
30006.95213053119,30009.71200807768,3.156910690915208,2.4620011847492047
30510.747302577565,30513.926535155504,2.313661625812423,1.0608787924181255
30417.41100314878,30418.21284729703,2.974381469559823,3.0928223482712647
30222.10781047073,30225.982632587526,0.9232696179498308,1.4753477560282742
30119.86536733368,30121.309942502612,3.710681350226493,1.1142636343482915
30337.615171403628,30342.15641570611,4.32770567996182,2.6312058793852975
30942.90970391252,30944.332832294687,1.1620250204448008,0.12697841588606204
30323.202932020755,30324.561026763742,0.5690013220487925,0.13755375998120412
30518.790621743367,30519.455095248682,0.21582907162704834,1.1734371645991033
30703.018958895176,30705.643260148172,3.2456603521720035,0.2799346762540236
30363.629602379293,30366.671387478975,3.074760776835026,0.6293261952403878
30971.78208272096,30972.57777159839,2.778817322298943,1.760417181759883
30962.44729494211,30966.43716921724,1.2365407709682796,4.032669829941083
30251.782295825364,30254.32209558173,2.015439379937022,2.9030383525095744
30497.248505892385,30500.10826210436,3.0129340424122484,2.6120718571864407
30300.87830981677,30303.361742177993,2.5341576084099304,1.5380952337197962
30284.840494377466,30287.143928151403,4.940149049052947,4.6655932252208006
30036.88694735453,30039.90532884542,0.7685547875279923,2.045373702062239
30609.564333979895,30610.762915086583,3.5062083148332097,0.5267545572992803
30502.679023228862,30503.99769981609,2.0811619637110317,3.1236259289772264
30051.47875124999,30055.85678654455,2.1981781131355125,0.6578081280353469
30278.64646423661,30283.403983816213,3.616229051725064,1.7915933997282913
30908.265885966655,30910.445777889916,3.4929371414894117,2.586318499717264
30239.561890666973,30241.28024169612,4.9571543691407225,4.383690370957361
30144.894872091223,30148.2928700358,0.7291320183252137,2.518378243666582
30489.452760277563,30491.792064047506,0.610137281982415,3.5410679535551552
30985.6504541106,30986.264692711073,3.649260203930832,4.964802511095445
30242.0552715115,30243.257958199647,2.934095893331405,0.74429668750011
30672.13554740588,30675.857422435693,1.443387266143049,1.4461844750456458
30761.619615328716,30765.084773067312,0.48915490804603445,2.0334227704284675
30237.6375439924,30238.25947595867,0.5197254230225097,2.166958074840274
30728.21634861186,30729.715223340558,4.4815352858541795,2.1140032688011745
30367.783132719254,30369.3229693039,1.0401498911218403,4.5472939125271195
30632.30583059358,30635.829347939776,1.684520654366052,3.598759957887597
30633.529710760893,30634.118408180788,1.2106163709122415,3.0787355490444486
30535.774684074757,30536.74317269369,1.8394818985764931,1.6159263175276324
30090.28977005441,30094.38939243859,0.44017682945585757,4.1365728826843435
30835.30249558924,30836.605946568485,2.643392975450525,4.779796506276446
30320.780064971736,30324.21742245707,0.43130156160185307,4.12387158449611
30186.518510399856,30188.090332914566,4.021746888329572,0.10766901543821723
30040.775141554765,30041.722627822182,1.2451892013611219,3.218366713898695
30590.892943188242,30592.48721804774,2.746058381562102,0.3505633690662936
30677.564361842284,30681.314563035634,4.412387529051145,1.3622753796352374
30016.587828927855,30020.938463034334,3.2892991083312517,0.39167103170408124
30512.09305829928,30516.329047689833,2.7114931541015435,3.0585977194520004
30226.49577519794,30228.783101081222,1.6892353902653408,3.4642905761137737
30645.17279040945,30648.67917352402,1.73170937398517,0.6609894265229351
30174.366429004993,30175.788858334363,3.380486080471132,1.9808105269203997
30690.937738102464,30692.75690288864,4.971282869983721,2.335558893882156
30386.73534630054,30391.268857483883,3.3430120302619555,1.9083598066284915
30936.729988736734,30937.288497392532,2.8331387451131222,0.6930225023774459
30137.520944145992,30138.405732534837,3.6801875001723063,2.1528441719186295
30341.06635105026,30342.501839198416,2.3795075001902193,3.780772434261249
30113.47352124059,30114.092916158024,0.39469747874384753,0.44793755621295184
30924.69361827856,30926.010077736464,2.855254397801758,0.4928820690013269
30877.33935338098,30880.463040405342,4.792363894076363,1.838379329996323
30257.941627715154,30260.338038192822,0.9589844175525323,4.714455986932733
30659.98404603418,30664.501068734025,3.4810239650212624,3.376005968942279
30817.222200201217,30821.40069622904,1.0845750744293767,3.425482787695568
30555.20081159946,30557.2389896821,2.7255556539180983,1.8734079551055385
30529.650578356006,30531.317983806446,0.5737146032689262,3.0089378769218387
30241.852290900453,30244.060906737206,2.3068175876651074,0.14964280173594258
30093.1027678059,30096.259095047215,3.805200311586706,3.2168706274067573
30897.215757953327,30898.92204433703,1.8031004687710124,4.57510604312356
30900.41805716333,30903.72672724865,3.358067449987369,3.101609994889614
30633.101457273267,30635.44380970813,3.9977048078696735,4.381123107985091
30339.029791048702,30342.014003362536,4.643171315449318,3.64746797178386
30349.20957461266,30351.672143993772,1.2497462010917226,0.6907362403780822
30725.95567887024,30727.780774788178,2.05664798746561,4.522021205700624
30897.110259952577,30901.878299833905,0.8468384653190455,0.42557483734329693
30887.08642426512,30891.022650338837,4.963169160576038,2.716440615484043
30779.875545857623,30781.006055148573,4.642304742829047,0.7964719065879425
30642.031646154286,30646.439752045826,2.745789938374742,0.15736239258142992
30084.139964995047,30086.83340538717,4.225963142444464,2.167967874625431
30161.628714094615,30166.154199115637,2.652694088633007,1.5456994675053657
30898.55418852708,30902.65353717884,3.155569871213523,2.481402419608255
30606.42905965959,30608.842520429702,0.5367097173684815,2.928279444999299
30009.19705161663,30009.79816350407,3.8008250604343594,0.31432145431384206
30101.47154286603,30103.180590983262,0.7257960698126507,0.7027161461063537
30663.501769108057,30666.439123074033,4.147731388237389,2.8373477426070846
30005.061583846218,30008.412235835436,3.9319376295848913,1.7815200305460255
30160.808051417498,30162.468546001946,3.572849018940585,3.6729500889922955
30548.733789366586,30549.860891699915,0.2771858645713344,3.2962290781005046
30691.895197692695,30696.15238375829,1.5853289441321103,4.243461378650544
30651.9612595026,30656.891069315767,1.3892515925631301,3.4932148506792045
30224.26930946056,30227.134915280923,1.8646683966104438,2.206662279211726
30712.179221347535,30713.45177813385,0.5294494591428089,3.397536449732719
30237.2490874968,30238.974470466135,4.6910933328522075,1.449367753851551
30325.399698159268,30325.982456203732,2.813630979490644,1.6009361440132424
30746.491405118024,30751.105749747545,1.5970691222243156,3.9660272836118877
30649.632899047214,30650.66277892022,2.045209433663989,2.2874556303677527
30849.223410494178,30852.31773463399,2.291292448473695,4.012063668539928
30657.61289230034,30659.346140793434,3.042912233467025,4.129869630974564
30568.30860333547,30571.302404346792,2.6268291957128396,4.30205545454029
30093.67476782809,30097.106159575676,4.605020668750645,4.591512655621916
30367.715803059433,30371.949641176114,2.5351210662385686,2.211827580515152
30265.202367681726,30266.631263404648,4.961574272634232,1.6624474097735804
30243.989643379082,30244.539124608043,4.271982292950969,2.9527738583111582
30973.010554752447,30974.126540087756,1.1217015203509457,1.9187448748443754
30393.09772466676,30397.647808555077,4.65991655175519,3.045263417321142
30892.046555177112,30896.479060526144,0.6701953496388329,3.557370726954741
30631.138625997264,30634.32698495703,4.105503571606839,3.473184590611471
30794.81130354165,30798.013629413603,1.9650541380352426,1.9353091463985947
30502.637093105193,30506.12975814065,4.402074170180841,0.9176149883238889
30576.903884626357,30578.19305538016,4.353477781526506,2.209593758464817
30492.517693818863,30497.132547575526,4.049034460576344,0.7987113060013529
30195.242987798043,30197.627455160058,3.971149137904601,4.461475472400661
30722.452115261505,30724.67623863863,1.5929277815804,1.7947995576155016
30280.772362440857,30283.60749211463,0.4965044869511357,0.8568527613942866
30024.315966431455,30025.027313281942,2.0746028759492914,0.2246940235381793
30645.472295907166,30646.72057106657,0.9502701234338925,3.264529692803773
30177.110679407047,30180.931830680966,3.505260335622063,3.2208213555282423
30940.458584352913,30941.331178358578,1.7958886600351494,1.7689604162483294
30953.92857700259,30957.142761495186,4.880489984213583,0.4513882553534899
30914.86439022045,30916.468461214015,3.240763178992127,2.107181584986637
30370.158700255444,30372.410530518635,4.1301547618083685,1.6249657258106287
30015.456616528867,30017.255738344335,0.7493708964350573,3.4178911347015464
30928.318562587727,30930.419089811818,4.3238709631358505,3.068318322318183
30428.184148317316,30431.919854890646,4.621510233515632,1.886509268167946
30966.65481904367,30968.491866763972,2.4866034022127863,1.1676735158494516
30963.619977089253,30966.66879797059,3.0706393949797897,4.9413762341624
30853.00945546736,30855.651682277257,3.847568024424678,2.324607943860963
30294.448892069584,30297.935412313716,0.9567092735760215,3.4725437553231617
30385.097728601926,30389.813462428887,2.5625737746708683,0.7887095411339679
30851.136671516855,30854.9332459543,2.053448836084334,2.4793895283310494
30316.922005156277,30318.389236859937,0.8172325615950207,0.2349299273603809
30169.492746686094,30170.13307079387,1.9009186692285043,2.576730077761205
30556.80126245835,30558.4814506577,0.43404431598891846,4.823685294876741
30936.15477416078,30939.332624848932,0.22647834405248624,1.9826128936304213
30696.02979667497,30696.76121283565,0.7623148168586316,0.2910804616170668
30570.061170089364,30572.794818201768,4.819264046786952,0.2516833755047833
30097.17649377077,30100.362286590895,2.792694725885583,2.0011351237396604
30615.00722669917,30617.011324207848,4.832528589650778,0.8841221886696509
30990.053850104265,30994.022955021122,2.219239603817647,0.21442527200811098
30140.084015236524,30141.063707375626,1.627899052117772,3.8054467083558667
30518.329652363736,30519.16777238155,2.5800951279171964,2.3467627435212646
30877.373071927956,30881.14992133087,2.25360727430126,1.5172993826660073
30740.768617754205,30743.498328677135,0.6177569528825452,4.510407596780755
30697.015740995266,30700.61355177919,3.240048941982011,0.6690809049825756
30702.48408398711,30704.940807010826,1.1585870942970382,4.7840022618810645
30359.491151219754,30361.09996036933,3.135980978999365,1.638436915149029
30293.591844264494,30297.77780469403,3.2859853527509517,4.453177994312538
30809.361155478513,30813.458526933875,0.8449217803303758,3.054420094749362
30810.11339467918,30813.739528798025,0.40061317284227405,4.1508660627332885
30867.072318580103,30868.796971697637,3.9257317717353555,4.921664499731275
30913.24055255647,30916.396590557382,2.353022076469669,1.5131866453118543
30511.34239886094,30513.46678139717,0.38500259797683145,4.8095638784972055
30501.5162946872,30502.42841401717,4.974844954131859,2.00846128502186
30798.295178966775,30802.923090056356,0.3831247488821965,1.9890083332109196
30649.963930777765,30651.0796146169,3.505672621406911,1.767896810847078
30701.966877257702,30706.742945349895,4.920026733790727,2.752897276003168
30795.7926694361,30798.29969541441,1.2719825106580356,0.8553107115745868
30890.005341817567,30891.33843999734,0.7970219065672612,2.813186278254255
30337.995156851535,30340.93371111474,0.6947862031699016,2.75435358080902
30375.582952639943,30380.011208901386,1.5860482230812183,3.8333188817638635
30093.98193984087,30097.776951829714,0.5951244739521688,4.184884813494169
30578.280140996176,30582.40966616155,3.4915905743012465,2.258162616530878
30035.942273796743,30039.40679894694,0.40522981083730725,1.5814329218223195
30465.59801813246,30469.21326267279,2.59616842793397,1.3707409968537632
30542.644634707576,30546.96601513962,4.983814583879586,1.0536567998538726
30286.541252128285,30288.16475816815,4.088454320579492,0.382473152775222
30590.833260569012,30593.535672905407,3.1145752473319535,1.7779950962900957
30030.50024993905,30031.995692427237,1.6006427418543974,1.424213691440838
30037.348188749216,30042.292694785203,3.157089597829029,4.835445190745396
30822.60056065966,30827.34882768825,2.682503173167093,2.8327732486252155
30360.190641411264,30360.86806206242,2.1878085810628205,1.8016574912494872
30127.060512651886,30130.735600928205,0.7404808460269775,2.9442912448691105
30522.243260054805,30526.906877483176,4.444360654678287,0.782063836593908
30769.99355309861,30771.306142151683,2.3039447792244805,2.2758143710907945
30215.821027496844,30218.87678103433,1.053650307921749,3.168548174963213
30622.890475819,30627.510173158145,1.9020208192987194,2.495599375783012
30085.347464993767,30086.000221897404,2.129235787391743,2.068716123206189
30051.681721168607,30055.320112371217,4.154935688277684,4.969857105608521
30531.35463156815,30533.192702101325,3.6947104647508704,4.413542334529742
30540.635121610107,30545.2949044893,3.8695939788425653,3.1546891949812568
30637.429901498206,30642.29966360145,0.15405319570037135,2.889949069793186
30726.091333722663,30730.840532923674,2.139154591080832,3.141236351140462
30975.852079462533,30978.486043437493,2.458586343013086,1.0864293283299231
30516.300348301196,30520.67954023065,0.19404215643297779,2.0361749419951614
30322.956472941245,30327.256945234654,1.373084722850668,0.2933517111654067
30795.186194768703,30797.1221468983,3.825420133298462,2.430175583685451
30270.832251262073,30275.06237089575,0.7718375580720954,2.7608204613925498
30438.971420705635,30439.637955061855,2.7230196441176995,1.2159737069057273
30078.456381342265,30081.639595795434,1.154489172884464,4.823741351111018
30025.350743415456,30026.88578318325,0.15939179575507706,4.556327593592486
30962.648414677926,30963.69096566392,1.2818871422377534,3.638501853733939
30835.980120512206,30836.826409919537,4.881781399059264,2.713594480950277
30695.9742060937,30699.60750558515,4.02753184822665,4.362848882273656
30408.952944414268,30410.982381751226,4.801925557173064,0.7401964847349684
30173.294320070847,30177.055770542727,2.490484815239176,3.9734979919469366
30156.437042671085,30157.23114620468,0.6377073735197671,0.7116219884375566
30250.242898164593,30252.16170468483,2.7850014959710956,3.991632246492087
30549.22666470612,30552.154375521808,2.3264489393438086,1.4512610844316494
30714.595922700064,30718.65417694184,4.237349705424118,4.397743846989126
30660.19737671773,30662.131762980924,0.5806046458427985,4.7258062597444495
30279.933896945942,30283.25040813991,2.4923815714067135,0.8291002500850666
30954.865280663194,30959.35218053026,0.8352384570005229,2.3671104648204286
30737.89691669577,30741.168301042588,1.6909120417612942,4.906838152997157
30554.3540525114,30555.902370147793,3.7130496792002186,2.4686964362684187
30611.72074623435,30612.330549751354,2.432488833906956,4.331382860321271
30419.60006242779,30424.015507360346,1.94185259721427,2.9847844584434675
30247.730989501157,30248.326701849983,2.032933764993173,1.9391165488060493
30355.972678651262,30360.40883617834,2.3512891651893346,1.5003394220767643
30757.84611046437,30760.726327567492,3.946581064801579,1.0957931463218278
30014.393488629757,30019.119293273066,4.471214975807149,3.8328111377507166
30116.072640506914,30120.167165067895,4.781139963869249,1.994048483432837
30046.00264202175,30050.99334551915,3.955826592650946,2.605249764783681
30040.72880231897,30042.807005488503,1.6454937891652626,2.5123948520057917
30855.46058401101,30859.4129313112,3.4718600598240568,2.9286672432423435
30703.657859380022,30705.966548491262,2.2442553078714207,4.341328013560306
30474.173829087325,30476.833269378694,1.347886048025651,4.905622783558804
30097.834160651,30101.157935235482,4.220270739187021,2.097162622011703
30491.615875116833,30496.047422130672,0.28828910991539247,4.154842718320885
30473.471770780565,30478.400146391963,4.518633761463575,3.846186193808117
30173.201869910015,30177.159100272405,2.3612395766611978,2.910291862132309
30433.85164923797,30436.231599757724,3.2222872363605743,4.784631003698472
30398.504734397375,30400.900840907623,3.3308342188083357,1.0823251260891738
30615.850098052215,30619.669218409366,4.486076929462028,0.635394630517145
30635.093650867642,30636.6681480236,3.2196814426193163,4.284413638081569
30045.304009772044,30046.301143281136,3.108274565324303,2.251834101505367
30374.612614626472,30376.708414335855,0.4265949987473808,4.250147385614596
30625.859915714238,30627.652491176683,2.6401993075315002,4.476142005457533
30503.13625858009,30504.969645122143,0.8358281040035042,0.4060422087334501
30856.489841188322,30858.041076068046,3.7134254667352797,4.4289773386316975
30658.693631618946,30659.38305097231,2.6098874119821054,2.2967633713101687
30162.93442708143,30163.51485978773,3.4331161181209318,2.601119196120738
30070.56874740043,30075.513498154243,0.3041972129516829,3.1703033043567306
30642.419278206315,30644.844257308127,0.5154808786244358,4.6392747729774255
30026.51131054162,30028.740780453838,3.6099846015071435,0.19366886270584377
30585.775581273465,30589.333994045584,0.45321324639349947,2.4365329947573042
30940.230241424957,30941.71238392035,0.4491579660497672,3.4698380079097477
30575.47417787588,30580.249003203655,0.15933152865094852,3.64126409272132
30388.169926206523,30392.208478771394,4.786856851667452,3.4934089145318294
30643.288218442354,30644.19056795276,3.7137909613491344,0.7587321340997971
30458.252890491516,30460.632003982548,1.8309319016601147,1.5670383830212382
30545.616789315936,30550.072821699967,1.5530243483095107,1.8577060745433662
30941.464808776524,30946.216102876835,1.813545825754663,4.041742317629574
30386.102637800774,30388.7059446014,3.8958023027877915,1.46592337483131
30961.190563823915,30964.450915075362,3.340715994245031,1.1324543229492956
30905.350641956065,30906.60229471348,1.0074582825505929,4.791495293286672
30195.791134789295,30200.75139360691,0.9531357431370133,0.14343009705599763
30069.361300875167,30070.903823531393,0.5821386835956469,4.989322192841693
30100.778001377428,30105.520294361035,3.3354833265365573,3.4164243644012386
30018.221825651548,30021.645235572014,3.8454260448865063,4.159499567300673
30094.44296075593,30097.677776332883,1.39872749879252,1.5436350420963467
30683.006773416357,30685.81387171593,0.20263030905147278,0.1701448605685939
30071.18864846023,30072.72666261296,0.502641170634494,3.7155606409514976
30318.97563029376,30320.270006437786,4.84251417074065,4.187308525303311
30844.875310969455,30846.367498910273,1.5476794096393596,3.728333046572244
30023.271935735826,30024.610907915474,3.869193424406855,0.7999664077741091
30814.468482588934,30818.476612719984,3.1608514873858926,3.7917968190591487
30281.8547747734,30283.93033843965,1.9715042342991902,3.867721632327441
30118.164827621655,30118.92511966619,1.1078675847582202,3.3268485267832695
30696.73716536415,30701.598127199784,0.6947934489810915,3.853968070698373
30628.942846779883,30633.419883262217,3.113563543390447,4.245015054420888
30877.472013527055,30882.14689880143,3.8957055251251616,3.1066601597635466
30735.071043803884,30740.048129005794,3.255130842351541,0.5341630984514274
30803.48093038485,30804.763459006335,2.698480452920876,2.4893762673693334
30282.034572571305,30284.31766165637,0.30556099481501775,0.48048173989086485
30177.43954377972,30181.35161692039,4.845595010212481,2.096960852058911
30750.61475164086,30754.2468444221,4.0136995391074155,2.0948217967155753
30806.834739267266,30808.027270845796,1.5348279798347275,0.42344823628718375
30990.505142000675,30994.676391063134,4.901854613858368,1.809220616450449
30412.617676911428,30414.127659484693,3.0492197892179784,0.6438906840774428
30372.018085792784,30373.525265059485,2.9538710252155083,4.060352529045189
30776.412960741996,30779.329345645016,3.7655585792047077,4.743671327225907
30340.80354025302,30343.971769959808,4.077671961641674,0.45435072876389915
30930.757325603565,30933.867713538835,3.316745175924363,4.780064515729337
30858.41275184301,30859.3244426113,0.7276691571943802,2.6606253367500514
30428.994027375018,30433.442601256855,1.7575107793730425,1.5678718219739822
30750.871067791497,30752.566267983148,4.647609837597644,0.47662416885320125
30754.542874084684,30755.625691230456,1.2006164980348746,2.5530589135450477
30103.123868835934,30107.623235195344,1.9236184168038155,3.993126168004669
30902.552906679568,30907.353338421603,2.2171767264265605,3.5647237386068213
30505.252372447856,30509.63194672555,2.253084449502816,0.3461074561734715
30826.457466107742,30830.600288444006,3.1034039542231753,0.4572189933027272
30320.049601030612,30323.49818994349,4.721071604949067,2.074079084899922
30895.5232284962,30898.502086663942,1.2793942879792746,1.5469234208349223
30389.201678734164,30390.093119153764,0.6953567438744985,1.2386831829746345
30010.8376514803,30013.175690939115,1.067605400313693,1.4769220446526967
30905.381976419263,30907.55907474582,4.445932011025421,4.037065442154735
30091.286676786134,30092.955568813057,3.26447298201051,4.653217462796084
30319.313637590414,30323.069028102014,1.5009432672718848,2.0850032031850754
30950.061967050806,30952.79340785866,4.098140000946224,4.539943910449235
30950.607146937557,30951.47185490914,4.3207129821808365,1.6753289361146217
30573.437888123288,30574.928712532062,4.247920259582362,2.434541233084579
30631.837212169798,30635.411876606267,4.602740014833817,1.2075420892983988
30448.44552197832,30449.288110846024,1.335980998849472,3.238332606661636
30293.210771698064,30297.541202811284,3.799705450856764,4.897007464356563
30328.664545369917,30331.39270474148,2.3566435366432863,3.057116170612556
30672.51845607704,30675.18109567501,4.225792909161301,1.8532890121563896
30752.37452943768,30755.540364468645,3.669604318091905,3.2743054853535893
30791.579043725847,30795.79010807251,3.904592487848651,0.7023113244803991
30789.618142794556,30791.683284230116,3.315193004637251,4.454429493300453
30091.20610304869,30094.757175735205,0.9694009704015637,2.5651113588211985
30494.42030470258,30497.46609854056,2.770631902594998,2.3018137359942465
30057.558760016644,30059.260387232407,4.92488172367009,2.9707374634222443
30549.528882323735,30553.982717262334,4.693201525835883,3.1614409276680724
30441.530501373378,30445.61891847061,0.3115513054053572,0.45170145050991384
30887.7041827583,30891.167216014266,0.907592597074242,3.444824383994672
30350.91501255208,30355.242630333003,0.7454709899273534,1.2854652335460952
30117.067016427605,30121.469840331923,3.6573015589279483,3.5983678992822905
30142.991682052834,30146.67931544805,4.10714811629903,4.130420492482564
30761.510631717472,30765.77719169511,1.1462056949222925,4.03939668700735
30618.21806331626,30621.856684893773,2.5786781954639624,2.807254740298657
30101.12267612279,30104.68330959571,4.21944483725488,2.648832472322681
30084.106806114996,30087.390557316965,3.690727569354628,0.8000922105631174
30700.96913145912,30704.856356337128,2.756962306910057,3.8991961369753647
30072.763006364192,30073.97672933801,2.9927036832479876,1.4299059641889005
30821.860059290357,30826.32397770675,2.590966679889772,2.5338075718079383
30706.242227156497,30710.66552303135,1.557987411462221,1.492943055344832
30081.3487806419,30081.980393415557,2.868607765009179,0.7557589786984964
30084.83771408519,30089.05388946273,3.475537980045445,3.1848327147695095
30986.639578501177,30987.71949290481,4.379282287717958,0.36622697063222875
30374.27079575612,30376.278830600288,3.217827634498316,3.7683616472183803
30370.64214706689,30374.487934220204,3.8294955315114745,1.6561752967794718
30812.7995672575,30814.022986789718,0.8843510112774077,0.10065999572197808
30947.24857738386,30951.429428992396,2.3616316246569706,2.6045327822624262
30986.00106382287,30990.24566762368,0.14572493715275717,0.32957435178525535
30753.37818525894,30756.161790060865,1.308726436155953,1.4532308333224075
30376.259585530916,30376.78832195364,3.6596624040537242,3.5641847885330096
30083.50071669867,30085.292388297956,4.959868761611881,0.4071791459471428
30777.14691592744,30780.423087060128,0.585972687977358,4.212758612544412
30558.404249735806,30563.31958753693,2.0673221477203128,0.11871762102705724
30424.222009246976,30427.565170118552,4.020347746625882,1.3094369590893211
30906.354385094735,30908.023501209525,1.0997746096816043,3.7304298751451506
30111.19748230615,30114.5505079701,2.819916251581203,1.6497237336736035
30492.62510429086,30495.55503849958,3.692049350545407,0.5992727015234663
30011.35364476742,30015.3629490456,3.1183287062748777,1.8651462021220968
30468.660641994127,30469.642054868847,1.0213211996155391,1.4249271032841753
30056.303275681836,30060.227901243095,1.8413843865601234,4.229288320586719
30118.81791626807,30121.753615872116,3.940579743978447,1.6354047961672016
30117.526246777106,30122.359710794473,2.8157099192468817,3.9657691117024356
30649.210302116062,30651.248726863236,0.1256251063602724,4.4701735095726
30746.044879265424,30749.391677784526,3.8288547241376603,2.225705355924995
30583.36876509716,30588.062891571954,0.2730256392071715,4.558721404886521
30962.17254847454,30963.1338422505,3.754095535383038,1.9488584644196452
30374.870579523704,30379.588107716267,1.0921547448096633,4.82398424080153
30285.71208628186,30289.307572032212,4.794560052584963,0.5375186701753074
30868.59912818946,30869.404394955433,1.9029096813802142,3.46639440586589
30223.595838519454,30225.450174570713,1.7019649200565878,2.519688798238951
30963.222539440612,30966.909313839515,0.829551446628979,1.999479146732671
30012.154474689818,30012.957552396427,1.5974606559020532,3.2002882058681448
30969.878826707638,30972.99859377843,4.395588732958183,3.548899749008223
30043.159911950577,30045.216385706866,4.982038254373512,0.12138002128651454
30891.143113698072,30894.437233528024,1.9047166994835572,0.9180701348612738
30527.7011090863,30528.40694823846,2.298192091677259,3.593925648108162
30992.9647961193,30997.386711746985,3.638147597193412,3.365288526533212
30073.7965647354,30078.677265096696,4.442359324278865,4.833632775130519
30553.85428440132,30558.714234750107,3.0059172375152428,3.829085172228837
30969.3025356191,30973.175968861942,2.018475921071364,4.758786267883556
30523.097844170148,30524.183232250736,2.1218470201582567,3.5424484575205546
30629.398638135262,30633.31082251694,3.508528917834354,1.5604558223332716
30695.74868898462,30696.359330108684,0.11576949166096555,0.6162881190291968
30454.541064767775,30455.140620749655,3.1359877535532195,3.930936930390185
30627.55808008406,30629.514326070235,1.8419157511626514,3.2563311852319883
30584.3143119231,30587.01320627992,3.991566923257713,0.33611146072715153
30901.158010490988,30905.124843871123,0.5556541351333476,1.864247282914794
30045.44638034146,30049.021209536186,2.9821911080471137,4.788319095873002
30280.963189592232,30283.46975177093,2.4567671604420065,2.5519656139799864
30950.411484076558,30952.142804074825,3.247395076935615,2.220372766496553
30890.263783890918,30895.25084414163,0.41778261296654495,2.3427280652805407
30455.65675278571,30458.074568645774,2.9419205583978436,1.1235253476253024
30620.132597801537,30622.66383941102,2.8512744810016666,1.9066651372374968
30277.38118298113,30278.617490176493,2.847234462639238,1.9120849543371656
30188.12115972376,30192.197802693136,3.0570895663226287,0.35653959891861475
30463.698404939983,30467.319974956,3.414692892409175,3.8610813797378
30353.35222802605,30354.8456912836,4.044446098435772,2.1408717163290074
30583.656111850873,30584.526826556143,1.4221215286282505,4.128681445400474
30077.734636964986,30081.29688382432,4.142742109882304,4.266705205487487
30974.394807666165,30977.84010813043,2.541452843090923,1.1387708680234248
30986.210744479602,30987.940412351094,0.4775855677582227,3.3210320626336305
30698.161714019745,30702.94060004987,0.3868995532954981,2.4141808403986107
30536.09636634412,30537.276126857134,1.7377677616106981,4.412768015815277
30309.527616286327,30311.973122891017,3.9459951878461914,1.1571293279646253
30813.795019706948,30818.5412913477,3.5676365802304875,3.421284681519217
30684.73117255388,30687.119945480044,3.964213326894792,3.077985399038341
30162.61693934489,30165.99030610938,2.634618376563886,1.5469772401019808
30910.92718449384,30913.216359284674,2.256975089981904,0.7693444278907459
30822.53724292317,30824.271211333737,0.8225173808607914,3.2930348263386553
30949.799913291925,30954.727812707744,1.7081444926856268,3.719127544848421
30725.71950838836,30728.061511416778,2.226694894251989,1.6465739844404153
30613.41519593579,30617.938642352347,0.5341421054301245,3.259679759709338
30418.24303629062,30419.77783201713,1.1809985682849353,2.036141447296366
30932.728483354014,30934.18745452213,3.0313039409123204,3.594713728084827
30866.06388950041,30866.70399287339,3.7047492597720306,1.0761548469808604
30045.21867010619,30048.651170820383,4.991902805825453,4.4620535129172545
30026.36697449725,30028.525343044006,4.672255323583433,1.5083070226813409
30376.463366878048,30380.852979002328,3.2485694777224388,1.9021513400051495
30810.553330781833,30813.182775361944,2.164115461140953,0.384650565193714
30987.276129314945,30992.132999740563,3.2172690870703406,0.6464098403742543
30150.416891103527,30151.75175592419,3.9496929285931373,2.6277233232904083
30594.130715352134,30598.539519607933,0.6798473355245979,1.4112041159670605
30380.89085663102,30384.885542468583,2.1085339595118127,4.1938531061367526
30969.914397814602,30973.8835461155,4.215031199614525,0.17199760440927384
30842.11892313571,30846.420447662236,1.980781464471916,1.9575608384924876
30838.328704711137,30842.253312670382,2.9021741290132144,1.7529931791685542
30468.69315979497,30472.01115124231,2.9800698682247715,0.19470539149624508
30414.819502337665,30415.910104287235,1.003933640354833,0.7094051551025001
30273.407071930706,30274.053439738414,1.8749536640962132,2.126849107101313
30056.375496650926,30061.019311966098,1.7391053148354678,2.5150364637924887
30864.722376255053,30867.997302670396,0.2283638718071175,2.0810197615488586
30812.901009130077,30816.98542693947,0.21853964306764073,2.70159462421926
30999.71767328613,31002.384523867935,4.17531551401129,3.0161452070378396
30996.636837073904,30997.664723924234,1.438046968866781,0.1486267235263946
30555.431705602627,30556.49504166754,2.6385859545701957,2.374066281322169
30768.98741518051,30772.572458973038,1.5637553105849882,4.821146280349183
30944.765729882427,30947.202106409473,4.7093283010651685,2.643258172634789
30849.64739067741,30851.049751947565,1.3705541184422916,3.419957110548871
30247.3481017432,30250.060277203534,2.2053183824207823,1.628132903792728
30450.544135310094,30451.33307552693,4.376378227374549,3.892557752948537
30129.159415151495,30132.27828646011,4.225474477279862,3.887315261192964
30954.051027258723,30955.761497578682,1.011896947446759,2.654350633505281
30606.17463445088,30610.263650403747,4.032952217998981,4.882467734068147
30228.642805503463,30230.53943431862,2.3451157450156743,0.7151960523370016
30671.700684405856,30674.249175076726,2.466547473218241,0.1830435579589469
30618.128240457896,30618.680532887483,0.7540518648381246,3.8737752376097707
30358.16271803284,30358.988729027915,0.4949474174099109,4.055062133087925
30113.557592199628,30115.823813203457,3.6669026041714496,0.6890154226908236
30671.5731955928,30674.232920349026,2.532659646540969,1.40135588149717
30520.30770090379,30523.50779337033,2.24056844281438,0.18600658049648167
30772.31839173564,30774.130873339833,3.6745903203967445,1.5372121928247673
30520.163501111994,30523.790919599563,3.851013205056438,3.888395182201491
30852.18150031854,30856.552051105893,0.8786500215798325,2.6380065857916373
30551.906838774485,30555.916168224503,3.0901032324404425,1.8056684065246118
30560.937971535386,30561.616256249454,0.7632350031606591,1.9215225450410187
30876.653602658345,30879.315883921005,3.7817379215423244,0.10663276600579397
30403.4828662124,30404.45505201528,3.319080265708984,1.5690225850696562
30134.01522845064,30135.60443102202,4.787411643308944,3.2676478340258597
30028.782676313338,30033.72265798304,0.4378942801464638,4.8735527747001495
30755.13725567362,30756.278485616676,0.37956813364114617,4.2505980522211075
30620.309551353464,30623.054548043994,1.4827166659966808,0.21561532676309275
30704.079768099222,30707.361468903655,1.3823578503059395,4.502946962906713
30212.96416150891,30216.62525387636,1.3101961154527992,3.9376722251632676
30136.37147558677,30139.38989466246,4.54064744455308,3.923843005497804
30014.544665667883,30015.088634481268,1.32277637926258,2.3441792191175006
30350.587558806597,30352.556634693694,1.432553658030292,2.050225935477064
30589.917686854635,30592.747389249867,3.8210514858480225,1.584287071282644
30392.24404509973,30393.13944434588,2.303725228007646,0.42190480887639237
30437.474922023728,30439.552743214168,3.9058817290803884,1.2183532811191258
30904.158694493748,30904.80810848331,0.4202941720654877,1.3083578113923209
30348.2554670233,30349.109070260496,2.4890988489995833,2.471977641579988
30513.989489159812,30516.275643902718,0.26470664089808493,3.7624775923238007
30783.653012741142,30784.750233634335,0.4070006969312372,2.4216681591499385
30396.54278232127,30399.596716138447,4.541543521387614,0.38343780229108704
30622.086700227872,30625.689292588988,0.7823023184762163,4.793170024842199
30862.363708746747,30866.466348892736,2.708861343148564,4.71934916356115
30949.52062365764,30950.921299756745,2.1143684527434625,3.9474287614272017
30147.073480929037,30148.327152549202,1.8019822986683294,4.957506717664681
30926.587625161494,30927.558180442997,4.509183393867635,2.767963430721289
30492.11629307954,30495.480229202487,0.20693464419989857,4.81756491624071
30258.244388298957,30261.92352906815,3.3525694622603868,0.47046469902207877
30459.135756238262,30459.777893889976,4.820632727646397,1.8918356664807197
30980.032575285477,30984.745530393575,2.844824098963026,1.2043682132331528
30492.61809399287,30493.351964769303,4.69043006396215,1.0595821122579232
30328.75161028751,30331.687443796363,0.3560636085015165,0.7899344495741129
30633.400854316726,30637.091626654255,2.152087263463391,3.149826843673384
30240.14561877819,30244.56497983505,1.3747731757140509,3.928477093161795
30075.863328108662,30079.57671930326,3.6810227284055763,2.9336621571597674
30128.87972191065,30132.987498284463,4.908355743436509,0.8201172769822275
30128.045838957773,30130.073364824217,1.3569973059768143,4.074506472674008
30151.902693512293,30156.06940652415,3.3054555472229654,3.21617806510227
30138.82717264941,30139.68768945814,1.0706784005227268,2.002011960022278
30640.874744803215,30645.401419755486,2.870118247400889,3.403238448126709
30181.880084399145,30184.844250091835,2.3732691847728478,1.373534398289881
30345.667283323863,30349.845123288695,4.862826115194531,1.7914418216216317
30896.78840990601,30899.323842186343,3.0817836362126863,4.595680631346752
30473.96164026287,30477.357739891257,1.8125812232254122,1.5234720777899602
30667.557738521027,30670.42655049524,0.6590693459508735,2.4029425139738896
30172.31987120163,30176.11202404953,0.8411094608011793,4.461691573240472
30192.28901880867,30193.15635372781,1.204052956761052,3.567834616310885
30040.868616266478,30041.640200644437,1.3297366405674604,0.40479580820704353
30168.935063072164,30170.54702762521,4.268018683421575,0.8217849169669547
30278.590339031958,30279.808290092467,2.8499916625843724,0.13842379478239242
30177.010484276747,30181.433510326413,2.664615465734396,3.1915167721229007
30088.702533757056,30090.188996700166,0.6623674721591656,2.29359978451105
30120.6358711006,30125.527264751785,4.314684497412231,0.7579467694211501
30460.778768032727,30462.794799095696,3.6417900857215706,4.793877193178175
30206.333718405793,30207.653249026393,0.4315749733100078,2.6953326473335375
30364.269861048077,30368.32350433022,3.568391976425867,1.2852771411531572
30503.417270854858,30506.88145584461,2.763337264978966,2.5529574986580674
30690.394828629367,30693.136709353406,0.5004541941592134,3.4301396304020284
30039.3121398411,30042.311275820317,2.345673143490417,0.473572168070466
30799.410398909044,30803.146806911267,2.4750118069372307,1.4460486937346708
30627.900389490907,30629.4284358269,0.9122952468000513,4.054130905331569
30081.759031948874,30086.742534571127,4.733920920301383,2.3523578649730403
30873.578624106776,30878.465193336437,4.264879320255243,2.7782279959582454
30920.872400531814,30924.298866120374,3.378209452912631,2.2207984108263994
30061.077959854865,30062.475900884045,2.3652482489029754,0.3151097189507251
30276.877648147205,30280.438675238147,2.117651153764092,0.912173921118764
30806.201279793062,30807.02617263347,3.2897699890396757,2.2831540298352655
30748.25969038366,30748.897626643586,2.772616160093837,1.1250087804988465
30184.521019356376,30186.180592354678,0.40513821882123957,0.34489724043242587
30209.34932333671,30211.931126642037,2.611262978974626,4.233883353853936
30370.472102791384,30374.879329065723,4.051377724440914,4.907843392904168
30484.522985191023,30488.29524600497,2.3502754002250947,3.986400082584024
30618.254771530297,30622.096950875697,0.3545872300159153,4.283546116352868
30368.91363956977,30371.32835957479,3.9527631769817626,1.2856879385535225
30462.53471613315,30464.59142359961,1.0866825324662746,4.8070721800146785
30747.470938133756,30749.640612567186,1.3672420909513903,1.0649359518217991
30036.6832028906,30041.627625927413,0.9070611318182499,4.762006070772978
30252.43694434402,30253.117435705375,1.7180538178703382,4.97461454043316
30713.349585884553,30717.751227617104,3.808082377874312,3.5874417481556393
30895.206837687198,30898.310877025775,2.644990711569293,4.907604285779927
30511.677442115666,30514.15121150202,1.1039182433384918,2.8907449198788084
30532.113485265316,30535.877144737184,4.401367382945,1.3717547375628427
30107.172011339775,30109.862021576188,4.409951089262493,2.2412798397615425
30447.412366823453,30451.842771394822,4.365834282725434,3.0084485833560515
30532.617266455025,30537.170424843076,1.2701014357695426,0.4580996539323735
30242.47050363473,30244.86824780566,2.311072786486842,3.1494819966245062
30269.24323094938,30270.98895603694,4.926449315090288,4.9077714001352435
30377.28416310462,30380.44973958329,3.8828611339189534,1.0315274839402655
30020.071197777725,30024.676832833,0.23312036400524314,3.9837160698130787
30322.079165583178,30323.527145433705,0.4195024971764111,4.548704089520135
30211.448006996543,30214.75135662258,2.373263746380431,4.724137804819082
30327.497352177914,30330.83937316833,4.555179008721645,4.804664461586691
30119.76213181925,30123.56114042012,2.7396388099683,2.655152229735213
30890.527280739894,30891.61933532297,2.5392812893680223,4.888808749158368
30593.592453554047,30597.313665895115,0.6168211297874899,3.810820014958751
30679.10231914449,30683.692965487488,3.318222513149041,0.8921900375611134
30789.171238607338,30790.479812597252,4.128305486941104,2.436810521693053
30498.442198929057,30500.011143891214,1.9640580367870557,3.61982275932282
30086.920288087425,30091.791566010612,3.900498069534105,1.3119675475135084
30537.106541818546,30538.420938105737,4.825935604113977,3.239014399389548
30586.84111802088,30591.18585094104,1.0984556497256766,3.3663423473284344
30745.43947418433,30748.154724538348,2.664315192854233,0.8972287446619729
30431.65954622968,30433.272086064495,1.5069759946144203,2.8689180310185063
30127.580302795563,30131.99867735129,3.984986653265813,3.8809718637951782
30283.775905798724,30286.279779446235,2.9302074928176722,2.5445887562261156
30363.082296398636,30365.89897449132,3.2094538459964888,0.1593052722029264
30645.9172413316,30648.0337914939,4.009779382117881,0.14428849848853167
30570.77830466891,30573.94658350037,2.040255316046029,1.8494437854530599
30356.096725897845,30357.332583324478,4.5839413351945115,4.6383509353157315
30986.51524879298,30988.775115707915,2.7118414495060863,1.2205162200576831
30605.774819356888,30610.637174807398,0.8739786318932052,3.2083820754712673
30237.226791735993,30238.888392183148,3.5099056790271326,1.188171766397271
30101.782472620405,30105.23778761084,3.986980617147447,1.6761829493317886
30152.859139184333,30154.822494473345,1.6521322176308808,4.2554062390472716
30245.957728384506,30249.938357450097,4.30017835929389,3.67142106712274
30160.681373259555,30161.77030473279,4.540101948352255,0.5674564588347322
30186.567024051306,30191.431218754158,1.456831988151264,2.200639902833525
30285.095168693846,30287.637221630073,4.919255216304588,0.24293184186179592
30173.373595294754,30174.93582237981,0.7894864874389163,2.4563617183547444
30896.765424626425,30897.59615998941,1.089876775172201,3.3459266573352338
30080.23374566164,30081.497656234533,1.0027017122663282,0.6806628556309426
30524.511389570256,30527.35037233876,4.480549579038565,1.515536200654912
30410.39682698966,30412.4133412836,3.3060335063923136,2.049399464960569
30982.378616908605,30986.608592055076,0.8453109877891372,4.605702020814643
30112.038902168053,30114.47789602453,2.25758475000491,4.9669495755725235
30397.855599045743,30399.474813272387,3.1149603228420304,0.3200653650785177
30969.470433275368,30972.747585715086,0.5089740164479781,3.8289388251274215
30865.50712589398,30869.187623369962,4.42384020519596,1.921447925371482
30817.07207094928,30818.323759534836,4.037657323663523,2.023045112524452
30257.90282704494,30259.15711351824,2.5755131905255277,3.7958983694004114
30170.887587390065,30171.552608811267,4.838920414769935,4.600289517512502
30668.64321992443,30672.457028992227,2.1470287984479888,4.759550113062487
30929.375989127584,30932.863109501883,4.922140563278839,2.9279006715877722
30556.76289301393,30559.398731954803,3.372807994137773,1.849893680572464
30571.6126894699,30575.911456490263,3.2098892389443137,3.9589905207080185
30279.979093660284,30284.10460934856,0.9131789869493465,1.3299067779852713
30769.492933191937,30772.627027831724,4.421446015692755,2.8639627412842374
30187.043748557524,30191.450969319834,2.1946994708110146,1.8570344614718788
30323.679236404245,30325.10552184941,0.8949436883341488,3.317492261168593
30425.436438616416,30426.440076903706,0.16177684788121932,1.277954673178184
30507.610378684454,30509.32425193628,2.842802849828075,1.0388054341006463
30242.40973241508,30243.16662326748,2.6842581484011143,4.599371524709642
30114.836824739203,30117.727087615207,3.6248327496088772,0.5988380464527309
30610.62004244163,30615.334768056957,4.462264459787231,2.5791937479011655
30288.630553240255,30289.307599173262,0.48909226475084466,1.1821786365187439
30581.238221422613,30582.28771603566,3.6843328026677757,0.29075682029577055
30154.3627152742,30156.897610901477,1.0183185260781529,0.27649220962798937
30481.140101854817,30485.842539433692,4.305067560470103,0.958586683318554
30532.589432551587,30534.512135023982,4.113411217922115,4.347174737079401
30051.823536822427,30054.606093461523,2.7498893994291675,1.4841458454874308
30336.60427819392,30337.29135605965,3.5801897132542266,4.757249935818949
30134.414676938974,30135.582221343302,1.6403155546003674,2.9499492356470487
30063.374970472767,30068.314806026083,2.408722704770792,2.239409529866954
30989.960232389945,30994.803266523908,4.126020798781311,2.942435289880328
30322.35384497472,30322.876074888925,2.3503994661487484,2.6318220876087124
30809.874445854635,30814.65759888904,1.853211500094665,3.8180036434108935
30254.640654763763,30258.016694483933,2.52164099152647,1.4842307232669762
30681.50272222393,30685.90835454927,4.15842133694237,1.8299469188414819
30760.22785988969,30762.77418924004,1.7425194321172766,4.481062082412929
30595.638740607843,30598.45892273645,0.9514318063651447,4.737636914436987
30471.57618855016,30474.275998161316,3.588868699620826,4.473535314683725
30411.84091414727,30415.341803306226,4.147293242269601,2.1552951703908367
30348.868266542995,30349.9966971894,0.5931236447653133,3.923790964733721
30929.529144247826,30930.164025402253,1.2753831525041293,2.4340450931753845
30830.61940778773,30832.50509252489,0.7956627498288701,2.537945275515901
30965.02691066651,30968.697974098824,1.8049129167526168,1.1029325343806915
30124.297223485544,30125.705564020096,2.3067197966365223,2.996538485966731
30730.867475203646,30734.39792115361,3.769249051120202,1.0120658989914049
